{
  "config": {
    "fast": false
  },
  "lora": {
    "dim": 512,
    "hidden": 64,
    "rank": 4,
    "base_source_acc": 0.9055555555555556,
    "base_target_zeroshot": 0.1534526854219949,
    "full_target_acc": 0.9335038363171355,
    "lora_target_acc": 0.9335038363171355,
    "base_params": 33417,
    "full_trainable": 33417,
    "lora_trainable": 2889,
    "reduction_pct": 91.3546997037436,
    "merge_max_logit_diff": 0.0,
    "merge_ok": true
  },
  "distill": {
    "teacher_acc": 1.0,
    "student_kd_acc": 1.0,
    "student_nokd_acc": 0.8444444444444444,
    "teacher_params": 38331,
    "student_params": 2137,
    "kd_recovery": 1.0,
    "compression": 17.93682732802995,
    "temperature": 4.0,
    "alpha": 0.2,
    "kd_curve": [
      0.3111111111111111,
      0.3422222222222222,
      0.4266666666666667,
      0.5466666666666666,
      0.5977777777777777,
      0.6177777777777778,
      0.6711111111111111,
      0.76,
      0.84,
      0.86,
      0.86,
      0.8666666666666667,
      0.8711111111111111,
      0.8777777777777778,
      0.9111111111111111,
      0.9533333333333334,
      0.9822222222222222,
      0.9977777777777778,
      1.0,
      1.0,
      1.0,
      1.0,
      1.0,
      1.0,
      1.0,
      1.0,
      1.0,
      1.0,
      1.0,
      1.0,
      1.0,
      1.0,
      1.0,
      1.0,
      1.0,
      1.0,
      1.0,
      1.0,
      1.0,
      1.0,
      1.0,
      1.0,
      1.0,
      1.0,
      1.0,
      1.0,
      1.0,
      1.0,
      1.0,
      1.0,
      1.0,
      1.0,
      1.0,
      1.0,
      1.0,
      1.0,
      1.0,
      1.0,
      1.0,
      1.0,
      1.0,
      1.0,
      1.0,
      1.0,
      1.0,
      1.0,
      1.0,
      1.0,
      1.0,
      1.0,
      1.0,
      1.0,
      1.0,
      1.0,
      1.0,
      1.0,
      1.0,
      1.0,
      1.0,
      1.0,
      1.0,
      1.0,
      1.0,
      1.0,
      1.0,
      1.0,
      1.0,
      1.0,
      1.0,
      1.0,
      1.0,
      1.0,
      1.0,
      1.0,
      1.0,
      1.0,
      1.0,
      1.0,
      1.0,
      1.0,
      1.0,
      1.0,
      1.0,
      1.0,
      1.0,
      1.0,
      1.0,
      1.0,
      1.0,
      1.0,
      1.0,
      1.0,
      1.0,
      1.0,
      1.0,
      1.0,
      1.0,
      1.0,
      1.0,
      1.0
    ],
    "nokd_curve": [
      0.3111111111111111,
      0.39555555555555555,
      0.46,
      0.5755555555555556,
      0.7155555555555555,
      0.8244444444444444,
      0.8911111111111111,
      0.9488888888888889,
      0.9688888888888889,
      0.9822222222222222,
      0.9866666666666667,
      0.9822222222222222,
      0.9822222222222222,
      0.9844444444444445,
      0.9866666666666667,
      0.9844444444444445,
      0.98,
      0.9733333333333334,
      0.9755555555555555,
      0.9688888888888889,
      0.9666666666666667,
      0.9666666666666667,
      0.9666666666666667,
      0.9644444444444444,
      0.9644444444444444,
      0.96,
      0.9511111111111111,
      0.9466666666666667,
      0.9533333333333334,
      0.9511111111111111,
      0.9444444444444444,
      0.9466666666666667,
      0.9377777777777778,
      0.9422222222222222,
      0.9444444444444444,
      0.9333333333333333,
      0.9355555555555556,
      0.9333333333333333,
      0.9288888888888889,
      0.9311111111111111,
      0.9288888888888889,
      0.9244444444444444,
      0.9177777777777778,
      0.9244444444444444,
      0.9177777777777778,
      0.9222222222222223,
      0.9177777777777778,
      0.9222222222222223,
      0.9222222222222223,
      0.92,
      0.92,
      0.9155555555555556,
      0.9177777777777778,
      0.9177777777777778,
      0.9177777777777778,
      0.9155555555555556,
      0.9111111111111111,
      0.9133333333333333,
      0.9066666666666666,
      0.9111111111111111,
      0.9066666666666666,
      0.9066666666666666,
      0.9111111111111111,
      0.8977777777777778,
      0.8977777777777778,
      0.8911111111111111,
      0.8911111111111111,
      0.8911111111111111,
      0.8955555555555555,
      0.8911111111111111,
      0.8911111111111111,
      0.8777777777777778,
      0.8777777777777778,
      0.8844444444444445,
      0.88,
      0.8844444444444445,
      0.88,
      0.8733333333333333,
      0.8733333333333333,
      0.8844444444444445,
      0.8777777777777778,
      0.8711111111111111,
      0.8755555555555555,
      0.8711111111111111,
      0.8711111111111111,
      0.8688888888888889,
      0.8688888888888889,
      0.8688888888888889,
      0.8666666666666667,
      0.8644444444444445,
      0.8622222222222222,
      0.8644444444444445,
      0.8688888888888889,
      0.8733333333333333,
      0.8733333333333333,
      0.8666666666666667,
      0.8644444444444445,
      0.86,
      0.8644444444444445,
      0.86,
      0.86,
      0.8577777777777778,
      0.8644444444444445,
      0.8511111111111112,
      0.8533333333333334,
      0.8555555555555555,
      0.8622222222222222,
      0.8666666666666667,
      0.8577777777777778,
      0.84,
      0.8533333333333334,
      0.86,
      0.8533333333333334,
      0.8488888888888889,
      0.8488888888888889,
      0.8488888888888889,
      0.8444444444444444,
      0.8488888888888889,
      0.8511111111111112,
      0.8444444444444444
    ]
  },
  "scaling": {
    "sizes": [
      100,
      250,
      500,
      1000,
      2000,
      4000
    ],
    "accuracies": [
      0.5986666666666667,
      0.7613333333333333,
      0.786,
      0.832,
      0.854,
      0.8573333333333333
    ]
  },
  "gate": {
    "good_acc": 0.9977777777777778,
    "bad_acc": 0.13777777777777778,
    "baseline_acc": 0.8500000000000001,
    "good_checks": [
      {
        "name": "absolute_accuracy_floor",
        "passed": true,
        "value": 0.9977777777777778,
        "threshold": 0.8,
        "detail": ""
      },
      {
        "name": "no_regression_vs_baseline",
        "passed": true,
        "value": 0.9977777777777778,
        "threshold": 0.8300000000000001,
        "detail": "(baseline 0.8500, tol 0.0200)"
      },
      {
        "name": "worst_class_recall_floor",
        "passed": true,
        "value": 0.9807692307692307,
        "threshold": 0.5,
        "detail": "(worst class = 7)"
      }
    ],
    "bad_checks": [
      {
        "name": "absolute_accuracy_floor",
        "passed": false,
        "value": 0.13777777777777778,
        "threshold": 0.8,
        "detail": ""
      },
      {
        "name": "no_regression_vs_baseline",
        "passed": false,
        "value": 0.13777777777777778,
        "threshold": 0.8300000000000001,
        "detail": "(baseline 0.8500, tol 0.0200)"
      },
      {
        "name": "worst_class_recall_floor",
        "passed": false,
        "value": 0.09302325581395349,
        "threshold": 0.5,
        "detail": "(worst class = 1)"
      }
    ],
    "good_passed": true,
    "bad_passed": false
  }
}